{
    "providers": [
        {
            "type": "bitmap",
            "file": "minecraft:font/slippystudios/logo_big.png",
			"ascent": 32,
			"height": 64,
			"chars": [ "\uE000" ]
		},
		{
            "type": "bitmap",
            "file": "minecraft:font/slippystudios/pause_menu.png",
			"ascent": 7,
			"height": 128,
			"chars": [ "\uE001" ]
		},
		{
            "type": "bitmap",
            "file": "minecraft:font/slippystudios/dark_screen.png",
			"ascent": 128,
			"height": 256,
			"chars": [ "\uE002" ]
		},
		{
            "type": "bitmap",
            "file": "minecraft:font/slippystudios/white_screen.png",
			"ascent": 128,
			"height": 512,
			"chars": [ "\uE003" ]
		},
		{
            "type": "bitmap",
            "file": "minecraft:font/slippystudios/experience.png",
			"ascent": 9,
			"height": 11,
			"chars": [ "\uE0EE" ]
		},
		{
            "type": "bitmap",
            "file": "minecraft:font/slippystudios/info.png",
			"ascent": 9,
			"height": 11,
			"chars": [ "\uE0EF" ]
		},
		{
            "type": "bitmap",
            "file": "minecraft:font/slippystudios/mojang.png",
			"ascent": 9,
			"height": 11,
			"chars": [ "\uE0F0" ]
		},
		{
            "type": "bitmap",
            "file": "minecraft:font/slippystudios/gamersafer.png",
			"ascent": 9,
			"height": 11,
			"chars": [ "\uE0F1" ]
		},
		{
            "type": "bitmap",
            "file": "minecraft:font/slippystudios/food.png",
			"ascent": 9,
			"height": 11,
			"chars": [ "\uE0F3" ]
		},
		{
            "type": "bitmap",
            "file": "minecraft:font/slippystudios/health.png",
			"ascent": 9,
			"height": 11,
			"chars": [ "\uE0F4" ]
		},
		{
            "type": "bitmap",
            "file": "minecraft:font/slippystudios/armor.png",
			"ascent": 9,
			"height": 11,
			"chars": [ "\uE0F5" ]
		},
		{
            "type": "bitmap",
            "file": "minecraft:font/slippystudios/clock.png",
			"ascent": 9,
			"height": 11,
			"chars": [ "\uE0F6" ]
		},
		{
            "type": "bitmap",
            "file": "minecraft:font/slippystudios/bottle.png",
			"ascent": 9,
			"height": 11,
			"chars": [ "\uE0F7" ]
		},
		{
            "type": "bitmap",
            "file": "minecraft:font/slippystudios/setbonus.png",
			"ascent": 9,
			"height": 11,
			"chars": [ "\uE0F8" ]
		},
		{
            "type": "bitmap",
            "file": "minecraft:font/slippystudios/sword.png",
			"ascent": 9,
			"height": 11,
			"chars": [ "\uE0F9" ]
		},
		{
            "type": "bitmap",
            "file": "minecraft:font/slippystudios/mana.png",
			"ascent": 9,
			"height": 11,
			"chars": [ "\uE0FA" ]
		},
		{
            "type": "bitmap",
            "file": "minecraft:font/slippystudios/description.png",
			"ascent": 9,
			"height": 11,
			"chars": [ "\uE0FB" ]
		},
		{
            "type": "bitmap",
            "file": "minecraft:font/slippystudios/rarity.png",
			"ascent": 9,
			"height": 11,
			"chars": [ "\uE0FC" ]
		},
		{
            "type": "bitmap",
            "file": "minecraft:font/slippystudios/tip.png",
			"ascent": 9,
			"height": 11,
			"chars": [ "\uE0FD" ]
		},
		{
            "type": "bitmap",
            "file": "minecraft:font/slippystudios/action.png",
			"ascent": 9,
			"height": 11,
			"chars": [ "\uE0FE" ]
		},
		{
            "type": "bitmap",
            "file": "minecraft:font/slippystudios/monster.png",
			"ascent": 9,
			"height": 11,
			"chars": [ "\uE0FF" ]
		},
		{
            "type": "bitmap",
            "file": "minecraft:font/slippystudios/empty.png",
			"ascent": 0,
			"height": 0,
			"chars": [ "\uE0CC" ]
		},
		{
            "type": "bitmap",
            "file": "minecraft:font/slippystudios/status-x.png",
			"ascent": 9,
			"height": 11,
			"chars": [ "\uE0CE" ]
		},
		{
            "type": "bitmap",
            "file": "minecraft:font/slippystudios/status-v.png",
			"ascent": 9,
			"height": 11,
			"chars": [ "\uE0CD" ]
		},
		{
            "type": "bitmap",
            "file": "minecraft:font/slippystudios/twitch.png",
			"ascent": 9,
			"height": 11,
			"chars": [ "\uE0CA" ]
		},
		{
            "type": "bitmap",
            "file": "minecraft:font/slippystudios/twitch-1.png",
			"ascent": 9,
			"height": 11,
			"chars": [ "\uE0CB" ]
		},
		{
            "type": "bitmap",
            "file": "minecraft:font/slippystudios/twitch-2.png",
			"ascent": 9,
			"height": 11,
			"chars": [ "\uE0CF" ]
		},
		{
            "type": "bitmap",
            "file": "minecraft:font/slippystudios/twitch-3.png",
			"ascent": 9,
			"height": 11,
			"chars": [ "\uE0DA" ]
		},
		{
            "type": "bitmap",
            "file": "minecraft:font/slippystudios/discord.png",
			"ascent": 9,
			"height": 11,
			"chars": [ "\uE0DB" ]
		},
		{
            "type": "bitmap",
            "file": "minecraft:item/cod.png",
			"ascent": 6,
			"height": 16,
			"chars": [ "\uE090" ]
		},
		{
            "type": "bitmap",
            "file": "minecraft:item/salmon.png",
			"ascent": 6,
			"height": 16,
			"chars": [ "\uE091" ]
		},
		{
            "type": "bitmap",
            "file": "minecraft:item/pufferfish.png",
			"ascent": 6,
			"height": 16,
			"chars": [ "\uE092" ]
		},
		{
            "type": "bitmap",
            "file": "minecraft:item/tropical_fish.png",
			"ascent": 6,
			"height": 16,
			"chars": [ "\uE093" ]
		}
	]
}