{
    "lttp_dungeonopen": {
        "sounds": [
            {
                "name": "slippystudios:slippystudios/general/lttp_dungeonopen",
                "weight": 1
            }
        ]
    },
    "lttp_enemyhit": {
        "sounds": [
            {
                "name": "slippystudios:slippystudios/general/lttp_enemyhit",
                "weight": 1
            }
        ]
    },
    "lttp_enemykill": {
        "sounds": [
            {
                "name": "slippystudios:slippystudios/general/lttp_enemykill",
                "weight": 1
            }
        ]
    },
    "lttp_getkey": {
        "sounds": [
            {
                "name": "slippystudios:slippystudios/general/lttp_getkey",
                "weight": 1
            }
        ]
    },
    "lttp_heartpiece": {
        "sounds": [
            {
                "name": "slippystudios:slippystudios/general/lttp_heartpiece",
                "weight": 1
            }
        ]
    },
    "lttp_itemfanfare": {
        "sounds": [
            {
                "name": "slippystudios:slippystudios/general/lttp_itemfanfare",
                "weight": 1
            }
        ]
    },
    "lttp_jump": {
        "sounds": [
            {
                "name": "slippystudios:slippystudios/general/lttp_jump",
                "weight": 1
            }
        ]
    },
    "lttp_map": {
        "sounds": [
            {
                "name": "slippystudios:slippystudios/general/lttp_map",
                "weight": 1
            }
        ]
    },
    "lttp_menuselect": {
        "sounds": [
            {
                "name": "slippystudios:slippystudios/general/lttp_menuselect",
                "weight": 1
            }
        ]
    },
    "lttp_rupee": {
        "sounds": [
            {
                "name": "slippystudios:slippystudios/general/lttp_rupee",
                "weight": 1
            }
        ]
    },
    "lttp_savequit": {
        "sounds": [
            {
                "name": "slippystudios:slippystudios/general/lttp_savequit",
                "weight": 1
            }
        ]
    },
    "lttp_secret": {
        "sounds": [
            {
                "name": "slippystudios:slippystudios/general/lttp_secret",
                "weight": 1
            }
        ]
    },
    "lttp_textdone": {
        "sounds": [
            {
                "name": "slippystudios:slippystudios/general/lttp_textdone",
                "weight": 1
            }
        ]
    },
    "lttp_warp": {
        "sounds": [
            {
                "name": "slippystudios:slippystudios/general/lttp_warp",
                "weight": 1
            }
        ]
    },
    "lttp_warpworld": {
        "sounds": [
            {
                "name": "slippystudios:slippystudios/general/lttp_warpworld",
                "weight": 1
            }
        ]
    },
    "lttp_error": {
        "sounds": [
            {
                "name": "slippystudios:slippystudios/general/lttp_error",
                "weight": 1
            }
        ]
    },
    "botw_travel_medallion": {
        "sounds": [
            {
                "name": "slippystudios:slippystudios/general/botw_travel_medallion",
                "weight": 1
            }
        ]
    },
    "botw_travel_medallion_warp": {
        "sounds": [
            {
                "name": "slippystudios:slippystudios/general/botw_travel_medallion_warp",
                "weight": 1
            }
        ]
    },
    "ss_fart1": {
        "sounds": [
            {
                "name": "slippystudios:slippystudios/general/ss_fart1",
                "weight": 1
            }
        ]
    },
    "ss_fart2": {
        "sounds": [
            {
                "name": "slippystudios:slippystudios/general/ss_fart2",
                "weight": 1
            }
        ]
    },
    "ss_fart3": {
        "sounds": [
            {
                "name": "slippystudios:slippystudios/general/ss_fart3",
                "weight": 1
            }
        ]
    },
    "ss_fart4": {
        "sounds": [
            {
                "name": "slippystudios:slippystudios/general/ss_fart4",
                "weight": 1
            }
        ]
    },
    "ss_getitem": {
        "sounds": [
            {
                "name": "slippystudios:slippystudios/general/ss_getitem",
                "weight": 1
            }
        ]
    },
    "ss_getkeyitem": {
        "sounds": [
            {
                "name": "slippystudios:slippystudios/general/ss_getkeyitem",
                "weight": 1
            }
        ]
    },
    "ss_getsmallitem": {
        "sounds": [
            {
                "name": "slippystudios:slippystudios/general/ss_getsmallitem",
                "weight": 1
            }
        ]
    },
    "ss_hookshot_fire": {
        "sounds": [
            {
                "name": "slippystudios:slippystudios/general/ss_hookshot_fire",
                "weight": 1
            }
        ]
    },
    "ss_hookshot_hit": {
        "sounds": [
            {
                "name": "slippystudios:slippystudios/general/ss_hookshot_hit",
                "weight": 1
            }
        ]
    },
    "ss_hookshot_set": {
        "sounds": [
            {
                "name": "slippystudios:slippystudios/general/ss_hookshot_set",
                "weight": 1
            }
        ]
    },
    "ss_openchest": {
        "sounds": [
            {
                "name": "slippystudios:slippystudios/general/ss_openchest",
                "weight": 1
            }
        ]
    },
    "ss_sonicspringboard": {
        "sounds": [
            {
                "name": "slippystudios:slippystudios/general/ss_sonicspringboard",
                "weight": 1
            }
        ]
    },
    "ss_travelmedallion": {
        "sounds": [
            {
                "name": "slippystudios:slippystudios/general/ss_travelmedallion",
                "weight": 1
            }
        ]
    },
    "ss_travelmedallion_warp": {
        "sounds": [
            {
                "name": "slippystudios:slippystudios/general/ss_travelmedallion_warp",
                "weight": 1
            }
        ]
    },
    "ss_vine_boom": {
        "sounds": [
            {
                "name": "slippystudios:slippystudios/general/ss_vine_boom",
                "weight": 1
            }
        ]
    },
    "ss_soul_jumper": {
        "sounds": [
            {
                "name": "slippystudios:slippystudios/general/ss_soul_jumper",
                "weight": 1
            }
        ]
    },
    "tf2_gotohell": {
        "sounds": [
            {
                "name": "slippystudios:slippystudios/general/tf2_gotohell",
                "weight": 1
            }
        ]
    },
    "tf2_item_pickup_paper": {
        "sounds": [
            {
                "name": "slippystudios:slippystudios/general/tf2_item_pickup_paper",
                "weight": 1
            }
        ]
    },
    "tf2_item_unwrap_paper": {
        "sounds": [
            {
                "name": "slippystudios:slippystudios/general/tf2_item_unwrap_paper",
                "weight": 1
            }
        ]
    },
    "totk_chasm": {
        "sounds": [
            {
                "name": "slippystudios:slippystudios/general/totk_chasm",
                "weight": 1
            }
        ]
    },
    "totk_location_depths": {
        "sounds": [
            {
                "name": "slippystudios:slippystudios/general/totk_location_depths",
                "weight": 1
            }
        ]
    },
    "totk_location_surface": {
        "sounds": [
            {
                "name": "slippystudios:slippystudios/general/totk_location_surface",
                "weight": 1
            }
        ]
    },
    "tp_warpin": {
        "sounds": [
            {
                "name": "slippystudios:slippystudios/general/tp_warpin",
                "weight": 1
            }
        ]
    },
    "tp_warpout": {
        "sounds": [
            {
                "name": "slippystudios:slippystudios/general/tp_warpout",
                "weight": 1
            }
        ]
    },
    "ww_bluerupee": {
        "sounds": [
            {
                "name": "slippystudios:slippystudios/general/ww_bluerupee",
                "weight": 1
            }
        ]
    },
    "ww_greenrupee": {
        "sounds": [
            {
                "name": "slippystudios:slippystudios/general/ww_greenrupee",
                "weight": 1
            }
        ]
    },
    "ww_heart": {
        "sounds": [
            {
                "name": "slippystudios:slippystudios/general/ww_heart",
                "weight": 1
            }
        ]
    },
    "ww_item": {
        "sounds": [
            {
                "name": "slippystudios:slippystudios/general/ww_item",
                "weight": 1
            }
        ]
    },
    "ww_linkmeow": {
        "sounds": [
            {
                "name": "slippystudios:slippystudios/general/ww_linkmeow",
                "weight": 1
            }
        ]
    },
    "ww_redrupee": {
        "sounds": [
            {
                "name": "slippystudios:slippystudios/general/ww_redrupee",
                "weight": 1
            }
        ]
    },
    "ww_rupeebounce": {
        "sounds": [
            {
                "name": "slippystudios:slippystudios/general/ww_rupeebounce",
                "weight": 1
            }
        ]
    },
    "ww_yellowrupee": {
        "sounds": [
            {
                "name": "slippystudios:slippystudios/general/ww_yellowrupee",
                "weight": 1
            }
        ]
    },
    "lttp_bombdrop": {
        "sounds": [
            {
                "name": "slippystudios:slippystudios/general/lttp_bombdrop",
                "weight": 1
            }
        ]
    },
    "lttp_bombexplode": {
        "sounds": [
            {
                "name": "slippystudios:slippystudios/general/lttp_bombexplode",
                "weight": 1
            }
        ]
    },
    "lttp_bosshurt": {
        "sounds": [
            {
                "name": "slippystudios:slippystudios/general/lttp_bosshurt",
                "weight": 1
            }
        ]
    },
    "lttp_bosskill": {
        "sounds": [
            {
                "name": "slippystudios:slippystudios/general/lttp_bosskill",
                "weight": 1
            }
        ]
    },
    "lttp_chestappear": {
        "sounds": [
            {
                "name": "slippystudios:slippystudios/general/lttp_chestappear",
                "weight": 1
            }
        ]
    },
    "minigame_bonusround": {
        "sounds": [
            {
                "name": "slippystudios:slippystudios/music/minigame_bonusround",
                "weight": 1
            }
        ]
    },
    "minigame_select": {
        "sounds": [
            {
                "name": "slippystudios:slippystudios/music/minigame_select",
                "weight": 1
            }
        ]
    }
}