{"attributes":["Position","Color","UV0","UV2"],"blend":{"dstrgb":"1-srcalpha","func":"add","srcrgb":"srcalpha"},"fragment":"rendertype_text","samplers":[{"name":"Sampler0"},{"name":"Sampler2"}],"uniforms":[{"count":16,"name":"ModelViewMat","type":"matrix4x4","values":[1.0,0.0,0.0,0.0,0.0,1.0,0.0,0.0,0.0,0.0,1.0,0.0,0.0,0.0,0.0,1.0]},{"count":16,"name":"ProjMat","type":"matrix4x4","values":[1.0,0.0,0.0,0.0,0.0,1.0,0.0,0.0,0.0,0.0,1.0,0.0,0.0,0.0,0.0,1.0]},{"count":4,"name":"ColorModulator","type":"float","values":[1.0,1.0,1.0,1.0]},{"count":1,"name":"FogStart","type":"float","values":[0.0]},{"count":1,"name":"FogEnd","type":"float","values":[1.0]},{"count":4,"name":"FogColor","type":"float","values":[0.0,0.0,0.0,0.0]},{"count":1,"name":"GameTime","type":"float","values":[0.0]},{"count":2,"name":"ScreenSize","type":"float","values":[1.0,1.0]}],"vertex":"rendertype_text"}