{
    "parent": "minecraft:item/generated",
    "textures": {
        "layer0": "minecraft:item/paper"
    },
    "overrides": [
        {
            "predicate": {
                "custom_model_data": 1
            },
            "model": "hgg_smp/general/ui/points_vote"
        },
        {
            "predicate": {
                "custom_model_data": 2
            },
            "model": "hgg_smp/general/ui/points_loyalty"
        },
        {
            "predicate": {
                "custom_model_data": 3
            },
            "model": "hgg_smp/general/ui/points_craftware"
        },
        {
            "predicate": {
                "custom_model_data": 4
            },
            "model": "hgg_smp/general/ui/points_quest"
        },
        {
            "predicate": {
                "custom_model_data": 5
            },
            "model": "hgg_smp/general/ui/points_afk"
        },
        {
            "predicate": {
                "custom_model_data": 6
            },
            "model": "hgg_smp/general/ui/points_supporter"
        },
        {
            "predicate": {
                "custom_model_data": 7
            },
            "model": "hgg_smp/general/ui/experience_orb"
        },
        {
            "predicate": {
                "custom_model_data": 8
            },
            "model": "hgg_smp/general/ui/ranks_unverified"
        },
        {
            "predicate": {
                "custom_model_data": 9
            },
            "model": "hgg_smp/general/ui/ranks_guest"
        },
        {
            "predicate": {
                "custom_model_data": 10
            },
            "model": "hgg_smp/general/ui/ranks_guest_bedrock"
        },
        {
            "predicate": {
                "custom_model_data": 11
            },
            "model": "hgg_smp/general/ui/ranks_trusted"
        },
        {
            "predicate": {
                "custom_model_data": 12
            },
            "model": "hgg_smp/general/ui/ranks_trusted_bedrock"
        },
        {
            "predicate": {
                "custom_model_data": 13
            },
            "model": "hgg_smp/general/ui/ranks_supporter"
        },
        {
            "predicate": {
                "custom_model_data": 14
            },
            "model": "hgg_smp/general/ui/ranks_nitrobooster"
        },
        {
            "predicate": {
                "custom_model_data": 15
            },
            "model": "hgg_smp/general/ui/ranks_vip"
        },
        {
            "predicate": {
                "custom_model_data": 16
            },
            "model": "hgg_smp/general/ui/ranks_hggdayvip"
        },
        {
            "predicate": {
                "custom_model_data": 17
            },
            "model": "hgg_smp/general/ui/ranks_streamteam"
        },
        {
            "predicate": {
                "custom_model_data": 18
            },
            "model": "hgg_smp/general/ui/ranks_birthday"
        },
        {
            "predicate": {
                "custom_model_data": 19
            },
            "model": "hgg_smp/general/ui/ranks_builder"
        },
        {
            "predicate": {
                "custom_model_data": 20
            },
            "model": "hgg_smp/general/ui/ranks_minimod"
        },
        {
            "predicate": {
                "custom_model_data": 21
            },
            "model": "hgg_smp/general/ui/ranks_moderator"
        },
        {
            "predicate": {
                "custom_model_data": 22
            },
            "model": "hgg_smp/general/ui/ranks_owner"
        },
        {
            "predicate": {
                "custom_model_data": 23
            },
            "model": "hgg_smp/general/ui/ranks_op"
        },
        {
            "predicate": {
                "custom_model_data": 24
            },
            "model": "hgg_smp/general/ui/ranks_gamersafer"
        },
        {
            "predicate": {
                "custom_model_data": 25
            },
            "model": "hgg_smp/general/ui/ranks_partner"
        },
        {
            "predicate": {
                "custom_model_data": 26
            },
            "model": "hgg_smp/general/ui/ranks_mojang"
        },
        {
            "predicate": {
                "custom_model_data": 100
            },
            "model": "hgg_smp/general/custom_items/hgg_travelmedallion_outer"
        },
        {
            "predicate": {
                "custom_model_data": 101
            },
            "model": "hgg_smp/general/custom_items/hgg_travelmedallion_sheikah"
        },
        {
            "predicate": {
                "custom_model_data": 102
            },
            "model": "hgg_smp/general/custom_items/hgg_travelmedallion_middle"
        },
        {
            "predicate": {
                "custom_model_data": 104
            },
            "model": "hgg_smp/events/2024_hggday/hgg_logo"
        },
        {
            "predicate": {
                "custom_model_data": 200
            },
            "model": "hgg_smp/general/stone_blue"
        },
        {
            "predicate": {
                "custom_model_data": 201
            },
            "model": "hgg_smp/general/stone_yellow"
        },
        {
            "predicate": {
                "custom_model_data": 202
            },
            "model": "hgg_smp/general/stone_red"
        },
        {
            "predicate": {
                "custom_model_data": 203
            },
            "model": "hgg_smp/general/stone_purple"
        },
        {
            "predicate": {
                "custom_model_data": 204
            },
            "model": "hgg_smp/general/stone_green"
        },
        {
            "predicate": {
                "custom_model_data": 205
            },
            "model": "hgg_smp/general/stone_orange"
        },
        {
            "predicate": {
                "custom_model_data": 206
            },
            "model": "hgg_smp/general/multiversal_shard"
        },
        {
            "predicate": {
                "custom_model_data": 207
            },
            "model": "hgg_smp/general/multiversal_shard_remnant"
        },
        {
            "predicate": {
                "custom_model_data": 302
            },
            "model": "remnant/flying_shard"
        },
        {
            "predicate": {
                "custom_model_data": 513
            },
            "model": "hgg_smp/general/hgg_snowball_wand"
        },
        {
            "predicate": {
                "custom_model_data": 552
            },
            "model": "hgg_smp/general/joke/uno_reverse_card"
        },
        {
            "predicate": {
                "custom_model_data": 600
            },
            "model": "hgg_smp/pvp/mng_leave"
        },
        {
            "predicate": {
                "custom_model_data": 601
            },
            "model": "hgg_smp/pvp/mng_join"
        },
        {
            "predicate": {
                "custom_model_data": 602
            },
            "model": "hgg_smp/pvp/mng_kit"
        },
        {
            "predicate": {
                "custom_model_data": 1003
            },
            "model": "hgg_smp/general/strange/strangesharpeningkit"
        },
        {
            "predicate": {
                "custom_model_data": 1006
            },
            "model": "hgg_smp/general/sonicspring"
        },
        {
            "predicate": {
                "custom_model_data": 1007
            },
            "model": "hgg_smp/general/fartinabottle"
        },
        {
            "predicate": {
                "custom_model_data": 1008
            },
            "model": "hgg_smp/general/custom_items/hgg_travelmedallion"
        },
        {
            "predicate": {
                "custom_model_data": 1009
            },
            "model": "hgg_smp/general/hgg_kamsino_coin"
        },
        {
            "predicate": {
                "custom_model_data": 1010
            },
            "model": "hgg_smp/general/strange/strange_universal_tracking_device"
        },
        {
            "predicate": {
                "custom_model_data": 1501
            },
            "model": "hgg_smp/events/2022_halloween/soulofthedamned"
        },
        {
            "predicate": {
                "custom_model_data": 1713
            },
            "model": "hgg_smp/events/2024_halloween/gilded_hemoglobin"
        },
        {
            "predicate": {
                "custom_model_data": 1714
            },
            "model": "hgg_smp/events/2024_halloween/gift_of_twilight"
        },
        {
            "predicate": {
                "custom_model_data": 1715
            },
            "model": "hgg_smp/events/2024_halloween/gravitational_pull"
        },
        {
            "predicate": {
                "custom_model_data": 1801
            },
            "model": "hgg_smp/events/2022_christmas/snowflakeinabottle"
        },
        {
            "predicate": {
                "custom_model_data": 1812
            },
            "model": "hgg_smp/events/2022_christmas/jinglestomper"
        },
        {
            "predicate": {
                "custom_model_data": 1813
            },
            "model": "hgg_smp/events/2023_christmas/christmas_present"
        },
        {
            "predicate": {
                "custom_model_data": 1814
            },
            "model": "hgg_smp/events/2023_christmas/christmas_present_open"
        },
        {
            "predicate": {
                "custom_model_data": 1815
            },
            "model": "hgg_smp/events/2023_christmas/north_pole_plot_voucher"
        },
        {
            "predicate": {
                "custom_model_data": 1816
            },
            "model": "hgg_smp/events/2023_christmas/gilded_disc"
        },
        {
            "predicate": {
                "custom_model_data": 1817
            },
            "model": "hgg_smp/events/2023_christmas/jingle_freezer"
        },
        {
            "predicate": {
                "custom_model_data": 1819
            },
            "model": "hgg_smp/events/2024_christmas/snowflake"
        },
        {
            "predicate": {
                "custom_model_data": 1820
            },
            "model": "hgg_smp/events/2024_christmas/caroling_bell"
        },
        {
            "predicate": {
                "custom_model_data": 1821
            },
            "model": "hgg_smp/events/2024_christmas/cinnamon_torch"
        },
        {
            "predicate": {
                "custom_model_data": 1822
            },
            "model": "hgg_smp/events/2024_christmas/winters_whisper"
        },
        {
            "predicate": {
                "custom_model_data": 1900
            },
            "model": "hgg_smp/events/2023_enderdragon/gilded_eye"
        },
        {
            "predicate": {
                "custom_model_data": 2000
            },
            "model": "hgg_smp/events/2023_halloween/deadofnight"
        },
        {
            "predicate": {
                "custom_model_data": 4000
            },
            "model": "hgg_smp/general/reskins/rsk_candycane"
        },
        {
            "predicate": {
                "custom_model_data": 4001
            },
            "model": "hgg_smp/general/reskins/rsk_bumblebee"
        },
        {
            "predicate": {
                "custom_model_data": 4002
            },
            "model": "hgg_smp/general/reskins/rsk_pig"
        },
        {
            "predicate": {
                "custom_model_data": 4003
            },
            "model": "hgg_smp/general/reskins/rsk_chicken"
        },
        {
            "predicate": {
                "custom_model_data": 4004
            },
            "model": "hgg_smp/general/reskins/rsk_parrot"
        },
        {
            "predicate": {
                "custom_model_data": 4005
            },
            "model": "hgg_smp/general/reskins/rsk_sculk"
        },
        {
            "predicate": {
                "custom_model_data": 4006
            },
            "model": "hgg_smp/general/reskins/rsk_rainbow"
        },
        {
            "predicate": {
                "custom_model_data": 4007
            },
            "model": "hgg_smp/general/reskins/rsk_overgrownbone"
        },
        {
            "predicate": {
                "custom_model_data": 4008
            },
            "model": "hgg_smp/general/reskins/rsk_birch"
        },
        {
            "predicate": {
                "custom_model_data": 4009
            },
            "model": "hgg_smp/general/reskins/rsk_acacia"
        },
        {
            "predicate": {
                "custom_model_data": 4010
            },
            "model": "hgg_smp/general/reskins/rsk_cherryblossom"
        },
        {
            "predicate": {
                "custom_model_data": 4011
            },
            "model": "hgg_smp/general/reskins/rsk_subliminal"
        },
        {
            "predicate": {
                "custom_model_data": 4012
            },
            "model": "hgg_smp/general/reskins/rsk_carrot"
        },
        {
            "predicate": {
                "custom_model_data": 4013
            },
            "model": "hgg_smp/general/reskins/rsk_end"
        },
        {
            "predicate": {
                "custom_model_data": 4014
            },
            "model": "hgg_smp/general/reskins/rsk_blood"
        },
        {
            "predicate": {
                "custom_model_data": 4015
            },
            "model": "hgg_smp/general/reskins/rsk_candycorn"
        },
        {
            "predicate": {
                "custom_model_data": 4016
            },
            "model": "hgg_smp/general/reskins/rsk_glowstick"
        },
        {
            "predicate": {
                "custom_model_data": 4017
            },
            "model": "hgg_smp/general/reskins/rsk_gingerbread"
        },
        {
            "predicate": {
                "custom_model_data": 4018
            },
            "model": "hgg_smp/general/reskins/rsk_hgg"
        },
        {
            "predicate": {
                "custom_model_data": 4019
            },
            "model": "hgg_smp/general/reskins/rsk_watermelon"
        },
        {
            "predicate": {
                "custom_model_data": 4020
            },
            "model": "hgg_smp/general/reskins/rsk_flamingo"
        },
        {
            "predicate": {
                "custom_model_data": 4021
            },
            "model": "hgg_smp/general/reskins/rsk_popsicle"
        },
        {
            "predicate": {
                "custom_model_data": 4022
            },
            "model": "hgg_smp/general/reskins/rsk_easter"
        },
        {
            "predicate": {
                "custom_model_data": 4023
            },
            "model": "hgg_smp/general/reskins/rsk_bunny"
        },
        {
            "predicate": {
                "custom_model_data": 4024
            },
            "model": "hgg_smp/general/reskins/rsk_uwu"
        },
        {
            "predicate": {
                "custom_model_data": 4025
            },
            "model": "hgg_smp/general/reskins/rsk_cubed"
        },
        {
            "predicate": {
                "custom_model_data": 4026
            },
            "model": "hgg_smp/general/reskins/rsk_minehut"
        },
        {
            "predicate": {
                "custom_model_data": 4050
            },
            "model": "hgg_smp/general/reskins/rsk_skinremover"
        },
        {
            "predicate": {
                "custom_model_data": 5000
            },
            "model": "hgg_smp/decorative/dcr_pokeball"
        },
        {
            "predicate": {
                "custom_model_data": 8000
            },
            "model": "hgg_smp/general/bags/bag_sherds"
        },
        {
            "predicate": {
                "custom_model_data": 8001
            },
            "model": "hgg_smp/general/bags/bag_diamonds"
        },
        {
            "predicate": {
                "custom_model_data": 8002
            },
            "model": "hgg_smp/general/bags/bag_christmas"
        },
        {
            "predicate": {
                "custom_model_data": 9000
            },
            "model": "hgg_smp/battle_royale/cartoony_bomb"
        },
        {
            "predicate": {
                "custom_model_data": 10000
            },
            "model": "hgg_smp/cosmetics/csm_halo"
        },
        {
            "predicate": {
                "custom_model_data": 11000
            },
            "model": "hgg_smp/events/2024_summer/flame_tremor"
        },
        {
            "predicate": {
                "custom_model_data": 11001
            },
            "model": "hgg_smp/events/2024_summer/flame_in_a_bottle"
        },
        {
            "predicate": {
                "custom_model_data": 11002
            },
            "model": "hgg_smp/events/2024_summer/swimcap"
        },
        {
            "predicate": {
                "custom_model_data": 50000
            },
            "model": "hgg_smp/mini_dungeons/md_dungeondoor"
        },
        {
            "predicate": {
                "custom_model_data": 50001
            },
            "model": "hgg_smp/mini_dungeons/md_dungeondoor_lock"
        },
        {
            "predicate": {
                "custom_model_data": 50002
            },
            "model": "hgg_smp/mini_dungeons/items/md_key"
        },
        {
            "predicate": {
                "custom_model_data": 50003
            },
            "model": "hgg_smp/mini_dungeons/md_smalldoor"
        },
        {
            "predicate": {
                "custom_model_data": 50004
            },
            "model": "hgg_smp/mini_dungeons/md_smalldoor_lock"
        },
        {
            "predicate": {
                "custom_model_data": 50005
            },
            "model": "hgg_smp/mini_dungeons/md_mediumdoor"
        },
        {
            "predicate": {
                "custom_model_data": 50006
            },
            "model": "hgg_smp/mini_dungeons/mechanical/md_eyeswitch"
        }
    ]
}